id,ticker,start,end,rows,median_close,n_ex,cum_logpct,max_single_pct,per_yr_logpct,implausible
NOFIGI__AAA#SEG0,AAA,2003-09-10,2007-05-18,927,58.62,4.0,-118.09,67.46,-32.05,True
NOFIGI__AIP#SEG0,AIP,2003-09-10,2011-12-21,1511,52.29,4.0,-88.79,47.41,-10.72,True
NOFIGI__ALD#SEG0,ALD,2003-09-10,2010-04-01,1652,26.21,22.0,-68.33,22.26,-10.42,True
NOFIGI__AMTD#SEG0,AMTD,2003-09-10,2020-10-05,4298,20.42,27.0,-38.63,22.99,-2.26,True
NOFIGI__AMV#SEG0,AMV,2003-09-10,2006-12-27,831,5.06,6.0,-111.29,63.75,-33.76,True
NOFIGI__BBI#SEG0,BBI,2003-09-10,2010-07-06,1717,4.28,7.0,-50.11,38.73,-7.35,True
NOFIGI__BCOR#SEG0,BCOR,2003-09-11,2004-05-20,118,23.5,1.0,-14.17,13.22,-20.54,True
NOFIGI__CCX#SEG0,CCX,2010-09-24,2016-09-22,1263,20.56,2.0,-22.74,20.06,-3.79,True
NOFIGI__CDL#SEG0,CDL,2003-09-10,2009-03-05,1381,10.37,6.0,-43.85,29.75,-8.0,True
NOFIGI__CEFZ#SEG0,CEFZ,2019-10-25,2020-03-26,105,14.07,5.0,-7.45,1.89,-17.78,True
NOFIGI__CNR#SEG0,CNR,2004-04-21,2009-04-03,1248,0.78,1.0,-28.12,24.51,-5.68,True
NOFIGI__COR#SEG0,COR,2003-09-10,2009-12-11,1577,2.24,24.0,-244.81,48.48,-39.15,True
NOFIGI__ES#SEG0,ES,2007-11-15,2013-05-24,1390,5.4,22.0,-121.04,13.56,-21.92,True
NOFIGI__FHI#SEG0,FHI,2005-07-27,2011-09-30,1558,8.43,26.0,-194.74,48.23,-31.53,True
NOFIGI__FOA#SEG0,FOA,2008-07-08,2009-07-10,186,4.62,3.0,-22.35,9.29,-22.25,True
NOFIGI__GAP#SEG0,GAP,2003-09-10,2010-12-10,1828,11.48,1.0,-23.44,20.89,-3.23,True
NOFIGI__GCT#SEG0,GCT,2004-10-28,2008-06-11,911,11.92,16.0,-105.98,41.93,-29.28,True
NOFIGI__GEN#SEG1,GEN,2015-02-03,2021-03-25,1547,1.57,27.0,-5708.09,800.0,-929.92,True
NOFIGI__GHC#SEG0,GHC,2007-12-28,2009-10-07,283,9.35,6.0,-158.7,24.49,-89.32,True
NOFIGI__GMAN#SEG0,GMAN,2010-08-05,2017-03-21,1668,9.7,1.0,-29.68,25.68,-4.48,True
NOFIGI__KT#SEG0,KT,2003-09-11,2007-04-12,811,3.4,6.0,-150.78,39.48,-42.07,True
NOFIGI__LSI#SEG0,LSI,2003-09-10,2014-05-06,2682,6.86,42.0,-377.74,17.98,-35.46,True
NOFIGI__MAX#SEG0,MAX,2003-09-10,2005-09-16,471,5.0,1.0,-112.26,67.46,-55.63,True
NOFIGI__OILD#SEG0,OILD,2016-07-01,2016-09-07,39,25.6,2.0,-6.27,4.34,-33.66,True
NOFIGI__PACW#SEG0,PACW,2003-09-10,2006-09-22,766,1.01,12.0,-395.11,71.11,-130.25,True
NOFIGI__PN#SEG0,PN,2015-01-16,2017-11-22,720,7.54,1.0,-50.55,39.68,-17.74,True
NOFIGI__RGC#SEG0,RGC,2003-09-10,2018-02-28,3643,18.98,61.0,-133.26,22.81,-9.21,True
NOFIGI__RIO#SEG0,RIO,2003-09-10,2009-05-01,1421,34.25,10.0,-88.19,18.58,-15.64,True
NOFIGI__SCIX#SEG0,SCIX,2003-09-10,2006-09-15,760,5.84,1.0,-47.81,38.0,-15.86,True
NOFIGI__SJL#SEG0,SJL,2007-03-01,2013-04-11,1143,54.98,9.0,-59.79,34.9,-9.78,True
NOFIGI__SKK#SEG0,SKK,2007-02-22,2015-01-08,1944,35.68,9.0,-68.54,35.93,-8.7,True
NOFIGI__SPAB#SEG0,SPAB,2003-09-10,2009-05-01,1399,0.9,7.0,-568.14,86.65,-100.73,True
NOFIGI__SPC#SEG1,SPC,2005-05-02,2008-12-19,918,7.78,15.0,-2825.86,300.0,-777.8,True
NOFIGI__SPMD#SEG0,SPMD,2010-01-05,2013-04-30,835,3.92,13.0,-91.13,28.56,-27.48,True
NOFIGI__SR#SEG0,SR,2003-09-10,2015-03-03,2888,7.54,45.0,-754.27,77.27,-65.72,True
NOFIGI__TCF#SEG0,TCF,2004-11-02,2005-06-17,158,14.08,6.0,-15.66,4.18,-25.19,True
NOFIGI__TFC#SEG0,TFC,2004-01-02,2011-09-30,1948,5.8,31.0,-198.23,12.34,-25.6,True
NOFIGI__TSC#SEG0,TSC,2003-09-10,2009-12-18,1287,3.65,20.0,-50.51,32.79,-8.05,True
NOFIGI__TTE#SEG0,TTE,2003-12-17,2006-11-15,733,8.9,6.0,-148.59,31.39,-51.01,True
